uber	667871801305886720	Fri Nov 20 17:07:00 PST 2015	Sunset. #TakeMeThere https://t.co/WcV9cQiPOP
uber	667757637266599938	Fri Nov 20 09:33:21 PST 2015	Driving part time allows Jose to dive deeper into his passion—marine biology. 

Full story: https://t.co/Vd6XfVjwle
https://t.co/Wx8szrqNIJ
uber	667477464956977152	Thu Nov 19 15:00:03 PST 2015	Thank you to all of the @passport_health nurses who helped people in over 35 cities drive toward a healthier future.
uber	667368990096891904	Thu Nov 19 07:49:01 PST 2015	Flu season is right around the corner—beat the bug with #UberHEALTH. Request today: https://t.co/MXagfhvIF7 https://t.co/TpHXRzMFTy
uber	667146018287427584	Wed Nov 18 17:03:00 PST 2015	Convenience is key when making the decision to get vaccinated. #UberHEALTH helps you stay well at the tap of an app. https://t.co/9eUhJ4YPL8
uber	667120477865975808	Wed Nov 18 15:21:31 PST 2015	From the daily grind to play time, Business Profiles make riding even easier. Learn more: https://t.co/Rq4g2WSeV1 https://t.co/pBHgmT21zv
uber	667021821896753154	Wed Nov 18 08:49:29 PST 2015	#UberHEALTH is on call tomorrow to help you fight the flu and stay well this winter. https://t.co/MXagfhvIF7 https://t.co/b6j1UFhHgv
uber	666781915345645568	Tue Nov 17 16:56:11 PST 2015	Find out what motivates the employees who drive our company forward: https://t.co/iGTdsD8QDk
https://t.co/hdn89jImY7
uber	666738583605260288	Tue Nov 17 14:04:00 PST 2015	Get the party started (and ended) with safe rides—#UberEVENTS to the rescue: https://t.co/4veN7iQgiB
uber	666561876071813120	Tue Nov 17 02:21:50 PST 2015	RT @Uber_India: We’ve partnered with @Practo to take care of your commute when you're under the weather: https://t.co/zfZjl8LX0w https://t.…
uber	666501774535168000	Mon Nov 16 22:23:00 PST 2015	Learn how other companies are using our API to put innovation in motion: https://t.co/dOjqnAPfZg https://t.co/0cJIL2OwO4
uber	665650499270524928	Sat Nov 14 14:00:20 PST 2015	Our hearts go out to everyone in France after these horrific attacks.
uber	665612469830725632	Sat Nov 14 11:29:13 PST 2015	RT @UberFR: Nous sommes de tout coeur avec les victimes et familles de victimes des horribles événements qui viennent d’endeuiller la Franc…
uber	665255322395795456	Fri Nov 13 11:50:03 PST 2015	Flexible earning opportunities are key in the #NextEconomy. https://t.co/zBLdlfCTl4 https://t.co/FNYawGRJgb
uber	664940150519132160	Thu Nov 12 14:57:40 PST 2015	#TBT to #UberKITTENS, which helped over 315 cat-didates find their furever homes. https://t.co/F7hZzxAUe5 https://t.co/hSqOUGHCjl
uber	664565128931733504	Wed Nov 11 14:07:28 PST 2015	We're recognizing the service of our top UberMILITARY driver-partners by joining efforts with @SPG. Learn more: https://t.co/c9zMvQRAq4
uber	664543245612023808	Wed Nov 11 12:40:31 PST 2015	Show your thanks. 

Request. Ride. Give. https://t.co/c9zMvQRAq4 https://t.co/XIBvdBjMU2
uber	664460904356933632	Wed Nov 11 07:13:19 PST 2015	Donate to veterans experiencing homelessness and give back to those who have given so much: https://t.co/c9zMvR9bhC https://t.co/YYYg3bxktG
uber	664106545794314240	Tue Nov 10 07:45:13 PST 2015	RT @FLOTUS: Big news! This #VeteransDay @Uber and @Lyft are donating free rides for veterans. Learn more from @JoiningForces: https://t.co/…
uber	664100562774974464	Tue Nov 10 07:21:27 PST 2015	Make a difference in a veteran's life tomorrow when you ride and donate. Learn more: https://t.co/c9zMvQRAq4 https://t.co/np6vEjcnpR
uber	663388224643985408	Sun Nov 08 08:10:52 PST 2015	Something’s sizzling in Chicago…
https://t.co/dwyCJPkZ8Q
uber	661983112990093313	Wed Nov 04 11:07:27 PST 2015	Put the power of safe rides in your party guests’ hands with #UberEVENTS. https://t.co/drL6Ux2T9M https://t.co/M1MIiKfV6v
uber	661731340358918144	Tue Nov 03 18:27:00 PST 2015	Our designers put themselves to a 100 day test and the results were incredible. https://t.co/mCsc8stZTv https://t.co/nbfO8ZWvfZ
uber	661629306859319296	Tue Nov 03 11:41:33 PST 2015	Fall in love with your ride. https://t.co/aKxDLLwXV1
uber	661594186685292544	Tue Nov 03 09:22:00 PST 2015	Take a look at the future of work with @davidplouffe—follow along live: https://t.co/An60tjA52u
uber	660581261124182016	Sat Oct 31 15:17:00 PDT 2015	Don't get spooked by surge pricing. Estimate your fare before you ride. https://t.co/l9OMvy3f1F https://t.co/ybq4exqD9p
uber	660519607082557441	Sat Oct 31 11:12:00 PDT 2015	Looking to save your wallet tonight? uberPOOL to the rescue! https://t.co/VYPKCxnqy3 https://t.co/mZxAJdpwOk
uber	660220383501660160	Fri Oct 30 15:23:00 PDT 2015	Make sure your chariot doesn't turn into a pumpkin. Check the license plate before riding. https://t.co/l9OMvy3f1F https://t.co/W1HTNQeyWc
uber	659880142513270784	Thu Oct 29 16:51:00 PDT 2015	#UberKITTENS are headed home for a cat nap after a full day of interviewing. Hope you found the perfect mew hire. https://t.co/XHX8ekkVHd
uber	659839911843917824	Thu Oct 29 14:11:08 PDT 2015	LIVE on #Periscope: Pressed paws -- now we're back!  https://t.co/OcoTmldtz1
uber	659802538326097920	Thu Oct 29 11:42:38 PDT 2015	LIVE on #Periscope: Can't-miss #UberKITTENS Cam  https://t.co/qYenJNTdfV
uber	659776717280698368	Thu Oct 29 10:00:02 PDT 2015	#UberKITTENS are interviewing across the US. See what others have to say about the cat-didates they've met so far: https://t.co/kUfd6OHr6m
uber	659762209413722112	Thu Oct 29 09:02:23 PDT 2015	RT @voguemagazine: Grace Coddington ordered #uberKittens to the Vogue offices for #NationalCatDay and here's what happened: https://t.co/4x…
uber	659746763478310912	Thu Oct 29 08:01:00 PDT 2015	Hide your keyboards. Hide your mice. #UberKITTENS are here. https://t.co/9SLCixl5o2 https://t.co/jmgKlmB5w8
uber	659508694997168128	Wed Oct 28 16:15:00 PDT 2015	Reggie's currently an Advo-cat, but is looking for a full time position as your new BFF: https://t.co/9SLCixl5o2 https://t.co/DjaFp0txii
uber	659478748652290049	Wed Oct 28 14:16:00 PDT 2015	Hunter Byrd hails from Kitty Hawk, NC, and is just trying to get a paw in the door in the Nap Studies industry. https://t.co/9IItBWZD7S
uber	659441966426419200	Wed Oct 28 11:49:51 PDT 2015	Your Uber public policy blog is arriving now. https://t.co/9rTixNbgT4
uber	659429925519269888	Wed Oct 28 11:02:00 PDT 2015	Tabby could be just the purrsonal assistant for you! Take your pick of the litter tomorrow: https://t.co/9SLCixl5o2 https://t.co/1CqrA5tl6M
uber	659403001346531328	Wed Oct 28 09:15:01 PDT 2015	You'll want to extend an adoption offer to Kitty Baxter after seeing her impressive work in the ornithology field. https://t.co/WY9IIbVApM
uber	659374310159708160	Wed Oct 28 07:21:00 PDT 2015	Cat's out of the bag—#UberKITTENS are back! Find the purrfect cat-didate to adopt tomorrow: https://t.co/9SLCixl5o2 https://t.co/QpEYLKIAH0
uber	659221301190594560	Tue Oct 27 21:13:00 PDT 2015	Rolling with your whole pack? uberXL seats 6 and is sure to be a howl. https://t.co/VYPKCxnqy3 https://t.co/ZWBCQR68Dd
uber	659111328972414976	Tue Oct 27 13:56:01 PDT 2015	You're not the only one getting all dressed up this Halloween: https://t.co/VYPKCxnqy3 https://t.co/eZmHfIzjRx
uber	659009403845234688	Tue Oct 27 07:11:00 PDT 2015	This Halloween, don't forget your fangs. If you do, contact your driver. https://t.co/l9OMvy3f1F https://t.co/zYct5nHhIU
uber	658486206351720448	Sun Oct 25 20:32:00 PDT 2015	Tell the boys and ghouls you'll be there in time for the Monster Mash by sharing your ETA. https://t.co/l9OMvy3f1F https://t.co/LVLFmMPzbm
uber	658026931657515008	Sat Oct 24 14:07:00 PDT 2015	Sharing isn't scary. Roll with your witches and split your fare—no broomsticks necessary. https://t.co/l9OMvy3f1F https://t.co/liPdpDkXq7
uber	657754133571706880	Fri Oct 23 20:03:00 PDT 2015	Keep your fake blood and glitter in check this Halloween to avoid cleaning fees. https://t.co/l9OMvy3f1F https://t.co/fBiceV0YxU
uber	657578321933287425	Fri Oct 23 08:24:23 PDT 2015	RT @AppStore: With Uber on your wrist, you decide when to stay. Or go. https://t.co/DaghLaprEI
https://t.co/NAve4DpPMW
uber	657292420334247936	Thu Oct 22 13:28:19 PDT 2015	Because businesses understand that sometimes you need a burrito fix...now. #UberRUSH https://t.co/jMWh7es5Z0
https://t.co/fGbcaxndrj
uber	656638936220086273	Tue Oct 20 18:11:36 PDT 2015	Halloween's almost here, so check out our tips to ensure yours is full of treats—not tricks. https://t.co/l9OMvy3f1F https://t.co/wrlb8ljhd0
uber	654744804723572737	Thu Oct 15 12:45:00 PDT 2015	"Put simply, the future of work is about independence and flexibility." -@travisk http://t.co/K0XGHZHntj
uber	654708428250570756	Thu Oct 15 10:20:27 PDT 2015	Businesses can now use #UberRUSH to bring you what you want. When you want it.
https://t.co/yCssupxvQo
uber	654431617272819713	Wed Oct 14 16:00:30 PDT 2015	With #UberRUSH, businesses can deliver almost anything to anyone in minutes. http://t.co/jMWh7es5Z0
https://t.co/sWond0zcDV
uber	654353097851015168	Wed Oct 14 10:48:30 PDT 2015	We're harnessing our technology's reach to share AMBER Alerts with the right people at the right time. http://t.co/cJTSuU4Tdk
uber	654312204691480576	Wed Oct 14 08:06:00 PDT 2015	Satisfy your sweet tooth in 7 cities with @UberEATS. #NationalDessertDay http://t.co/QoLIwJwaxj http://t.co/ypIzAcGFSc
uber	653983774036860928	Tue Oct 13 10:20:56 PDT 2015	With the new Uber Partner app, drivers have the keys to success. http://t.co/4a4G43opMd http://t.co/CiQwzIm5hX
uber	653718794712563712	Mon Oct 12 16:48:00 PDT 2015	Check out the full story behind #UberEATS favorite, DOSA—it's the talk of the table. http://t.co/6hK10rfGN7 http://t.co/kAFgGvrz6Z
uber	653258106860929024	Sun Oct 11 10:17:24 PDT 2015	The best days start with Uber—let's ride.
uber	652702756843724800	Fri Oct 09 21:30:38 PDT 2015	See how @USC is working with us to ensure students' late nights end with safe rides: http://t.co/yDYUu6aBMa
uber	651821291570352128	Wed Oct 07 11:08:00 PDT 2015	We'll have seconds. #UberEATS http://t.co/6hK10rfGN7 http://t.co/p35VJ4ks7K
uber	651581076817612800	Tue Oct 06 19:13:29 PDT 2015	Anything for Liza.  https://t.co/AGZ0j4orBd
uber	651127484822384640	Mon Oct 05 13:11:04 PDT 2015	RT @LenosGarage: Jay Leno goes undercover as an @Uber Black driver, and gives some passengers the ride of their lives #LenoCNBC #Uber
https…
uber	649955748903043072	Fri Oct 02 07:35:00 PDT 2015	"Parking is...I don’t want to say the worst, but very hard + expensive." -Carrington #WhyIRide http://t.co/YCD72oJ2WC http://t.co/gHof4RWs7i
uber	649797455475810304	Thu Oct 01 21:06:00 PDT 2015	"The mix of the spot and how we got there made for a great day." -Daniel #WhyIRide http://t.co/QmVGX5JcgW http://t.co/DANo0Z1afm
uber	649459582960406529	Wed Sep 30 22:43:25 PDT 2015	Viva Las Vegas! The whole team is celebrating @Uber_Vegas today with more than 5,000 hours of community service. http://t.co/lATqD7syEw
uber	649459187739561984	Wed Sep 30 22:41:51 PDT 2015	RT @ASASLasVegas: Thanks to @Uber for supporting several of our branding and marketing projects today! We are so grateful. http://t.co/tkEP…
uber	649447146173956096	Wed Sep 30 21:54:00 PDT 2015	"Having time to just look out of the window—that’s something I love most." -Marcus #WhyIRide http://t.co/xVdyp665s9 http://t.co/1OpsBgIOzl
uber	649367370444763136	Wed Sep 30 16:37:00 PDT 2015	Find out what made Marcus choose photography, New York, and Uber: http://t.co/xVdyp665s9 http://t.co/TyGQtwtjW7
uber	648989046740422656	Tue Sep 29 15:33:41 PDT 2015	RT @UberUK: Uber London needs your support. Sign the petition to let @TfL know riders and drivers come first https://t.co/8zlWGnuMoI #Uberm…
uber	648985857362423808	Tue Sep 29 15:21:00 PDT 2015	"We overslept, so we called an Uber. It was nice to have that chill moment" -Aundre #WhyIRide http://t.co/TSYOOMK9dJ http://t.co/7tdEMbXK0V
uber	648906211216240640	Tue Sep 29 10:04:31 PDT 2015	As a photographer, Aundre's always looking for new destinations. See where his rides have led: http://t.co/TSYOOMK9dJ http://t.co/0rHwIIXGhr
uber	648668492175134720	Mon Sep 28 18:19:54 PDT 2015	Everyone has a destination—4 riders are taking over our Instagram to show you theirs: http://t.co/UJidE7730f http://t.co/zOy7cNAhRV
uber	647584121087217664	Fri Sep 25 18:31:00 PDT 2015	What happened when 3 driver-partners hopped in the driver's seat of our Instagram? Find out: http://t.co/Z1fpY0UtXR http://t.co/U1y9YQq8ML
uber	647263255711383552	Thu Sep 24 21:16:00 PDT 2015	"Driving around I see places I would have never thought of." -D’Angelo #WhyIDrive http://t.co/lrnlQXugbV http://t.co/2n0ddWmid0
uber	647216951413051392	Thu Sep 24 18:12:00 PDT 2015	China, your API is arriving now. http://t.co/GujxHNojtA http://t.co/OahAcD3JDD
uber	647098479504814080	Thu Sep 24 10:21:14 PDT 2015	RT @ryangraves: Honestly such an honor. #mindblown - @taylorswift13 can’t wait to collab! @RondaRousey I’ll see you in the octagon :) http:…
uber	646883504391876608	Wed Sep 23 20:07:00 PDT 2015	Making the journey to work feel a little less like...work—uberCOMMUTE. http://t.co/VY2hJgGgP5 http://t.co/rUgqAoacWu
uber	646849026692919296	Wed Sep 23 17:50:00 PDT 2015	"There was a gorgeous view I wouldn't have seen if I hadn’t taken that ride." -Matt #WhyIDrive http://t.co/WyUxXRFE0o http://t.co/mxQqUwfLeP
uber	646769754284425216	Wed Sep 23 12:35:00 PDT 2015	Even as we continue to grow, the Bay Area will always be our home. See how we're deepening our roots in @Oakland: http://t.co/jdEPmBRNeE
uber	646384969829515264	Tue Sep 22 11:06:00 PDT 2015	"Seeing more backroads. Seeing these hidden gems." -Nicholas #WhyIDrive http://t.co/7LeyA53kby http://t.co/0SEgOQagky
uber	646149419918864384	Mon Sep 21 19:30:01 PDT 2015	Every journey has a story. 3 driver-partners captured their favorites: http://t.co/Z1fpY0UtXR http://t.co/59BpRHvIEV
uber	646041829180370945	Mon Sep 21 12:22:29 PDT 2015	This week 3 driver-partners are picking you up for a scenic journey on our @Instagram. http://t.co/Z1fpY0UtXR http://t.co/Q7pbIxxXOq
uber	645324985800781825	Sat Sep 19 12:54:00 PDT 2015	Treat yourself. #UberEATS http://t.co/lQVTCDxriD http://t.co/MSSkmuPAhb
uber	645079366809059328	Fri Sep 18 20:38:00 PDT 2015	Because it's Friday. #UberEATS http://t.co/lQVTCDxriD http://t.co/7ETgHAFRr8
uber	645002498718085120	Fri Sep 18 15:32:33 PDT 2015	Forget 5—you'd be 6 stars all the way, @madeleine!

🌟🌟🌟🌟🌟🌟 #DrivingDavid   https://t.co/dycc1HQI0c
uber	644610261098332160	Thu Sep 17 13:33:57 PDT 2015	Done. #UberEATS http://t.co/lQVTCDxriD http://t.co/KTHGU7SKdK
uber	643888099253096448	Tue Sep 15 13:44:20 PDT 2015	RT @Uber_Vegas: Huge. News. 
Learn More → http://t.co/KV6od4Roya http://t.co/DhvWWVIcjR
uber	643512896106954752	Mon Sep 14 12:53:24 PDT 2015	Last week, thousands of riders + hundreds of driver-partners made a difference in Europe: http://t.co/nGJt3PuvDo #UberGIVING
uber	643493734592724992	Mon Sep 14 11:37:16 PDT 2015	RT @Uber_NYC: .@Dannijo is taking you behind the scenes of #NYFW today on our Snapchat. Add 'uber' now to follow along. http://t.co/pCgRWFk…
uber	643108881502195712	Sun Sep 13 10:08:00 PDT 2015	"The key is to stick to your core values and beliefs" -Jono

Check out the rest of our chat with @aboveandbeyond: http://t.co/gfBABaDB0v
uber	642483515175665664	Fri Sep 11 16:43:01 PDT 2015	Meet the next generation of women engineers: http://t.co/UA4ihC8irs //@GirlsWhoCode http://t.co/5f4zPOBOTc
uber	642413163938476033	Fri Sep 11 12:03:28 PDT 2015	Add us on @Snapchat for an adventure in Austin, TX. #TakeMeThere

Username: uber http://t.co/g3ht841zaP
uber	642103481709535232	Thu Sep 10 15:32:54 PDT 2015	We went on the road with @aboveandbeyond before they hit the stage. See what they had to say: http://t.co/gfBABaDB0v http://t.co/tkBvRZeEHN
uber	641753228300828672	Wed Sep 09 16:21:07 PDT 2015	RT @reshmasaujani: Thanks @travisk and @Uber for being a @GirlsWhoCode ally and for helping us close the gender gap. #girlsbuiltthis http:/…
uber	641737878041591808	Wed Sep 09 15:20:07 PDT 2015	RT @duolingo: Proud to launch UberEnglish in Colombia, a new @uber view with English-speaking drivers certified by the Duolingo Test Center…
uber	641696856792268800	Wed Sep 09 12:37:07 PDT 2015	Driving toward innovation: http://t.co/BADcWy5Dwy http://t.co/XEXyJ90fAT
uber	641673675981352962	Wed Sep 09 11:05:00 PDT 2015	#UberGIVING is live in over 20 European countries. Help those impacted by the refugee crisis: http://t.co/ifq22mL7x5 http://t.co/9bblDr1wsM
uber	641285104862560256	Tue Sep 08 09:20:58 PDT 2015	RT @FastCompany: What makes Uber run http://t.co/1Jr6DLHK6O
uber	641102043520765952	Mon Sep 07 21:13:32 PDT 2015	End the long weekend on a high note: http://t.co/6lQ96xw9Fp
uber	640919707663638530	Mon Sep 07 09:09:00 PDT 2015	This Monday is meant for adventure—let's go.
uber	640228155970727936	Sat Sep 05 11:21:01 PDT 2015	LIVE on #Periscope: On the Road with Above & Beyond https://t.co/VTdrYpbEPQ
uber	639900770289229824	Fri Sep 04 13:40:07 PDT 2015	RT @Uber_NCarolina: Thank you @GovOfficeNC for signing legislation protecting the future of ridesharing across NC: http://t.co/EKVteiVXou h…
uber	639869424686657536	Fri Sep 04 11:35:33 PDT 2015	Long weekend checklist: complete.

Beach towel ✔️
Sunscreen ✔️
Playlist: http://t.co/6lQ96xw9Fp ✔️
uber	639642793699332096	Thu Sep 03 20:35:00 PDT 2015	Late night at the office? Uber for Business has you covered (coffee not included). http://t.co/N7W97CljD5 http://t.co/rtGFeA11ml
uber	639199283284197376	Wed Sep 02 15:12:39 PDT 2015	We've covered lots of ground together since launching Uber for Business. Take a look back: http://t.co/D9pU6E1Kbt http://t.co/FOWzc691dr
uber	638931921636950016	Tue Sep 01 21:30:15 PDT 2015	A few facts about the O'Connor court case: http://t.co/iGA9KIkGWt
uber	638807542336999424	Tue Sep 01 13:16:01 PDT 2015	Book. Ride. Explore. Simplify your stay with ride reminders: http://t.co/rqhRd6tbmk http://t.co/6rndvXQyKs
uber	638555379971043328	Mon Aug 31 20:34:01 PDT 2015	#ICYMI, see what happened when @jonathangaurano went from behind-the-wheel to backstage: http://t.co/N9GR0viryV http://t.co/my11LLibIg
uber	638422616223666176	Mon Aug 31 11:46:27 PDT 2015	Cruise through the week and right into Labor Day weekend with this playlist from @NoonPacific. http://t.co/6lQ96xNL3Z http://t.co/P7IUoufWLJ
uber	637324814185709568	Fri Aug 28 11:04:11 PDT 2015	RT @jonathangaurano: Something CRAZY just happened - Watch me meet @TheWeeknd thanks to @Uber! 20 hours compacted into 2 minutes of fun! ht…
uber	636961937822117889	Thu Aug 27 11:02:14 PDT 2015	RT @Uber_SF: 1 year of shared rides has led to money saved, new connections, + cleaner cities. Thanks for riding with #uberPOOL!
https://t.…
uber	636060009252524032	Mon Aug 24 23:18:18 PDT 2015	RT @Uber_India: #UberON: Guwahati, Nashik, Thiruvananthapuram, Vadodara.
With these 4 new cities, we're now 22 http://t.co/eJEIp2gHbt http:…
uber	635978730733568000	Mon Aug 24 17:55:19 PDT 2015	RT @JustinTuck: Last winner of the day. She was a 49ers fan but I converted her to #RaiderNation @uber @xbox @EASPORTS http://t.co/7OVaoXNi…
uber	635962268589539328	Mon Aug 24 16:49:55 PDT 2015	RT @hardwina: Cruising with @Uber_SD to deliver some @EAMaddenNFL #Madden16 to unsuspecting fans!  http://t.co/NBI2ia7ZUV http://t.co/NWjmr…
uber	635940615377653761	Mon Aug 24 15:23:52 PDT 2015	RT @ABethea41: Congrats to our first winner of the day! http://t.co/OWCYDnq08E
uber	635931603273805824	Mon Aug 24 14:48:03 PDT 2015	RT @Uber_CHI: TOUCHDOWN! 

Check out that #Madden16 delivery by @JerryAzumah! http://t.co/HsF4YD21cb
uber	635910666814001152	Mon Aug 24 13:24:52 PDT 2015	RT @bradiejamesgang: Who wants to be the 1st to grab #Madden16 & @Xbox one with @Uber_DFW today. http://t.co/uUbgv5JMGm
uber	635903627740057600	Mon Aug 24 12:56:54 PDT 2015	RT @Uber_PIT: Another happy winner! #Madden16 🏈 http://t.co/htrUshCHqG
uber	635899405082562562	Mon Aug 24 12:40:07 PDT 2015	RT @TBH_Beta: Thanks @Uber_NYC for the copy of #Madden16 up on East Harlem! http://t.co/oc6HcP0Zk4
uber	635894476943155201	Mon Aug 24 12:20:32 PDT 2015	RT @EAMaddenNFL: East Coast! Open up your @Uber apps. NFL players are now delivering free copies of #Madden16. http://t.co/XZS1Ugg3Jq http:…
uber	635874218710859777	Mon Aug 24 11:00:02 PDT 2015	RT @Uber_Florida: Pictured: a #superpumped veteran of the National Guard who says he's always wanted to meet @DBrooks55. Too. Awesome. http…
uber	635866663498448897	Mon Aug 24 10:30:01 PDT 2015	We’re passing a free copy of #Madden16 your way when you request in app today. http://t.co/1KcwxzKaX8 http://t.co/icA207FZHW
uber	635798721993773057	Mon Aug 24 06:00:02 PDT 2015	Be the first to catch a free copy of #Madden16. We have @NFL players throwing them your way! http://t.co/1KcwxzKaX8 http://t.co/3e7C0tu3DX
uber	634853103595073536	Fri Aug 21 15:22:29 PDT 2015	.@JonathanGaurano's latest video has everyone dancing—now find out what moves him: http://t.co/v51bmA9shx http://t.co/MMvmLCCdNi
uber	634772519325724672	Fri Aug 21 10:02:16 PDT 2015	Hey, @EAMaddenNFL—how do we get in on this #MaddenSeason movement? 🎮 🏈
uber	634762116063461377	Fri Aug 21 09:20:56 PDT 2015	RT @Uber_India: We're proud to announce a first-of-its-kind strategic partnership with Bharti Airtel http://t.co/uL4VhSBUqx http://t.co/9sv…
uber	634170516647997440	Wed Aug 19 18:10:08 PDT 2015	If you're in the mood for less traffic and more jam, @jonathangaurano is the driver for you. http://t.co/v51bmzRQSX
https://t.co/xGiiNgHPdW
uber	634094277941923840	Wed Aug 19 13:07:11 PDT 2015	RT @Uber_SF: SF, your #UberEATS is served. We're bringing you local favorites in 10 minutes or less! http://t.co/44Ejcs0IAk
https://t.co/J6…
uber	633761812274638848	Tue Aug 18 15:06:05 PDT 2015	Get ready to dig in, San Francisco and Austin—#UberEATS has arrived. http://t.co/Fvl5DBtARP
uber	633349704550494208	Mon Aug 17 11:48:31 PDT 2015	RT @Uber_Bangkok: Our hearts go out to the victims of tonight’s tragedy. Help the injured by donating blood. http://t.co/dh2GW5eaHq  #redcr…
uber	633327179812708352	Mon Aug 17 10:19:00 PDT 2015	"Not missing a single school pickup or dropoff." #WhyIDrive http://t.co/VqkvcPusyU http://t.co/vZCquhDStC
uber	631934760097464320	Thu Aug 13 14:06:02 PDT 2015	RT @Uber_BOS: Today, #uberPOOL comes to Boston - the easiest and cheapest way to share a ride: http://t.co/Pa5chY1HLo http://t.co/hjtXcgZLuN
uber	630829423747465216	Mon Aug 10 12:53:49 PDT 2015	RT @espn: Dolphins DT A.J. Francis may be earning an NFL paycheck, but he's also making some extra cash as an Uber driver: http://t.co/OIEG…
uber	630453843118063616	Sun Aug 09 12:01:24 PDT 2015	RT @Uber_SD: In support of @ItGetsBetter, we are proud to share the incredible rider stories and messages of hope. Love is love.
https://t.…
uber	629818811320004609	Fri Aug 07 17:58:00 PDT 2015	Destination: weekend http://t.co/TiUTgOrYaz
uber	629777964159205376	Fri Aug 07 15:15:42 PDT 2015	RT @CocaCola: Today in Manhattan, #ShareaCoke w/ your uberPOOL co-rider & you could share a free ride! Info: http://t.co/OwjLx6sjKM http://…
uber	629728430003613696	Fri Aug 07 11:58:52 PDT 2015	RT @Uber_CO: As a blind athlete, @Uber gives Matt the independence to travel the world to compete http://t.co/ECuHi6ILnl http://t.co/464NA7…
uber	629386838646505473	Thu Aug 06 13:21:30 PDT 2015	RT @marthakelly: #ILookLikeAnEngineer I work on the Web Platform team at @Uber #nodejs #javascript https://t.co/lqaXY03kmu
uber	629140842566000640	Wed Aug 05 21:04:00 PDT 2015	There is no “typical” Uber driver-partner. #UberData http://t.co/oFKWgU3Cuu http://t.co/kxhuxayP9V
uber	629120965478359042	Wed Aug 05 19:45:01 PDT 2015	61% of driver-partners have full or part time-careers outside of Uber. #UberData http://t.co/oFKWgU3Cuu http://t.co/CcYb4fn9ot
uber	629101080832528384	Wed Aug 05 18:26:00 PDT 2015	On average, 50% of U.S. Uber driver-partners drive less than 10 hours a week. #UberData http://t.co/oFKWgU3Cuu http://t.co/AiCceO1V3T
uber	629090007626743808	Wed Aug 05 17:42:00 PDT 2015	87% of driver-partners say a major reason they drive is to be their own boss and set their own schedule. #UberData http://t.co/oFKWgU3Cuu
uber	629069875080753152	Wed Aug 05 16:22:00 PDT 2015	Flexibility is key. #UberData http://t.co/oFKWgU3Cuu http://t.co/hHedqdSKpV
uber	629059307502469120	Wed Aug 05 15:40:00 PDT 2015	73% of driver-partners agree: choosing their own schedule > a 9-5 job. #UberData http://t.co/oFKWgU3Cuu http://t.co/4mWuNaICKs
uber	629041944245702660	Wed Aug 05 14:31:01 PDT 2015	The driving factor for hitting the road? Flexibility! #UberData http://t.co/oFKWgU3Cuu http://t.co/Utb4CAXtSD
uber	629007719807209474	Wed Aug 05 12:15:01 PDT 2015	Today, we're counting down the top facts you might not know about Uber driver-partners—stay tuned! http://t.co/YDEBB6ossK
uber	628975051426021377	Wed Aug 05 10:05:12 PDT 2015	"My son's a baseball player + wanted to go to an academy for the summer." #WhyIDrive

-Laurie http://t.co/1cKdbzoc9v
https://t.co/GKXF8qKODz
uber	628667376863592448	Tue Aug 04 13:42:37 PDT 2015	RT @marlenemendoza: #whyidrive http://t.co/rCcOO5xR8z to invest in my business
uber	628629537920647168	Tue Aug 04 11:12:15 PDT 2015	"I get to pick when I want to work—I can still be a great teacher." #WhyIDrive 

-Jenny http://t.co/1cKdbzoc9v
https://t.co/l9nuJ83jIC
uber	628303268540624896	Mon Aug 03 13:35:47 PDT 2015	"Since Uber, I've increased my business by 60%." #WhyIDrive

-Mike
https://t.co/duIvImIK7A
uber	628250662720008192	Mon Aug 03 10:06:44 PDT 2015	RT @AmyZagroba: #whyidrive http://t.co/CXE8r9JtT4 so I never have to miss a single event in my daughters' lives #fieldtripchaperone #everys…
uber	627256166842789888	Fri Jul 31 16:14:58 PDT 2015	RT @TheRealOCTina: #whyidrive http://t.co/5pSms3mJAg I took this from my Lanai 😍 #kauai #stayathomemom #wemadeit #grateful #Uberdriver http…
uber	627181183378583553	Fri Jul 31 11:17:01 PDT 2015	After stealing the show last night, @KygoMusic sat down with us to answer some questions. http://t.co/0Xtl0b75ke http://t.co/Vedu9Qq4ew
uber	626935453732745216	Thu Jul 30 19:00:34 PDT 2015	LIVE on #Periscope: Kygo Exclusive https://t.co/CONuh4rkOl
uber	626888164288937984	Thu Jul 30 15:52:40 PDT 2015	RT @KygoMusic: Tonight | Chicago | @Uber | Nothing Left
uber	626859561929019392	Thu Jul 30 13:59:00 PDT 2015	We're teaming up w/ @AARP’s @lifereimagined to bring new income opportunities to its members. http://t.co/KNBJ45yGQY http://t.co/gkssNxCZGD
uber	626777725030674432	Thu Jul 30 08:33:49 PDT 2015	RT @Uber_CHI: Join us on the dancefloor w/ @KygoMusic, for an exclusive, free show tonight. Find out how to attend – http://t.co/TWEzyNSxmr
uber	626558578707558400	Wed Jul 29 18:03:00 PDT 2015	Score your tickets and your ride! Check out @StubHub's new app integration and #UberOn. http://t.co/X5oRt6HQ1v http://t.co/GRiqFgb3x7
uber	626452381014822912	Wed Jul 29 11:01:01 PDT 2015	Michael, a teacher, saved for a dream ring for his dream girl by driving with us on the side. http://t.co/t1hMM2Jvgm http://t.co/AgtHNMwCWt
uber	626166964470329345	Tue Jul 28 16:06:52 PDT 2015	Driving in her free time is part of Keiry's recipe for successfully owning her own business. http://t.co/t1hMM2Jvgm http://t.co/yFBRMUUcuz
uber	626099805119381505	Tue Jul 28 11:40:00 PDT 2015	"The ability to make a big difference is something you don’t want to miss.” http://t.co/vNjCDoDpNh
https://t.co/jXH6x4V8xA
uber	625787032632057856	Mon Jul 27 14:57:09 PDT 2015	From stay-at-home moms to graduate students, we're uniting all types of women who love driving on our platform.
https://t.co/2IVIF4ZMVB
uber	625011237982740481	Sat Jul 25 11:34:25 PDT 2015	Yesterday, we delivered #UberIceCream by land, sea, and sky—what a sugar rush!
uber	624761236056600576	Fri Jul 24 19:01:00 PDT 2015	252 cities. 57 countries. 6 continents. #UberIceCream, out. http://t.co/zIsY9Cbh62

Sweet dreams. http://t.co/Um01DnYH1l
uber	624685738521661440	Fri Jul 24 14:01:00 PDT 2015	Say aloha to #UberIceCream in Hawaii—the last stop on our chill tour! http://t.co/zIsY9Cbh62 http://t.co/OFh59KKVaM
uber	624673657604952064	Fri Jul 24 13:13:00 PDT 2015	How has #UberIceCream made Fridays around the world a little sweeter? Add us on @Snapchat to see. 

Username: uber http://t.co/rCHFzaXeXz
uber	624660681233559552	Fri Jul 24 12:21:26 PDT 2015	LIVE on #Periscope: #UberIceCream 2015 https://t.co/tXzDRv49pz
uber	624652765109858304	Fri Jul 24 11:49:59 PDT 2015	watching LIVE on #Periscope: #UberIceCream is blowing my mind. @Uber !!! https://t.co/MNW0rAvZtv
uber	624640394463215616	Fri Jul 24 11:00:49 PDT 2015	RT @NYPD19Pct: Thanks @Uber_NYC @Uber!! #UberIceCream Delicious!!!🍧🍦🍨 #UpperEastSide #UES http://t.co/NSmwhqzVD5
uber	624626862313091072	Fri Jul 24 10:07:03 PDT 2015	watched on #Periscope: Uber Ice Cream Day! TGIF!! 🍦 https://t.co/YBSsxQbIme
uber	624623432836194304	Fri Jul 24 09:53:25 PDT 2015	RT @MsJackieCruz: My Friday Buddy 🍦🍪 thank you uber_nyc #icecreamondemand #ubericecream #nevertooearlyforsweets https://t.co/7ncdUwyNtK
uber	624612914343751683	Fri Jul 24 09:11:38 PDT 2015	watched on #Periscope: Quand Uber livre des glaces chez Twitter France #UberIceCream https://t.co/9xToALaZzj
uber	624600253107310596	Fri Jul 24 08:21:19 PDT 2015	RT @Uber_NYC: Get your hands on the #BlackandWalt from @amplehills today on #UberEATS: http://t.co/VhucvWib1v #UberIceCream http://t.co/bCl…
uber	624595144117915652	Fri Jul 24 08:01:01 PDT 2015	Your #UberIceCream sugar rush is arriving now, NYC! http://t.co/zIsY9CsRXA http://t.co/Z0KJJaeh3q
uber	624578767114117121	Fri Jul 24 06:55:56 PDT 2015	The global #UberIceCream social continues! Next stop: Brazil. http://t.co/zIsY9Cbh62 http://t.co/ijdwrHvFUk
uber	624553642520002560	Fri Jul 24 05:16:06 PDT 2015	RT @Uber_Ger: Uber Hamburg is also delivering by boat! #UberIceCream http://t.co/kpckH1QaTu
uber	624535779042168832	Fri Jul 24 04:05:07 PDT 2015	RT @UberFR: #UberIceCream c'est parti ! Les 2CV @4rs1p sont prêtes à vous livrer les glaces @fabriquegivree de 13h à 18h ! http://t.co/viuc…
uber	624521669323919361	Fri Jul 24 03:09:03 PDT 2015	We heard you screaming for #UberIceCream in the UK. 

Tap. Chill. Enjoy. http://t.co/zIsY9Cbh62 http://t.co/SvXWKPtwpt
uber	624489201321541632	Fri Jul 24 01:00:02 PDT 2015	Time to treat yourself in Turkey! #UberIceCream has arrived. http://t.co/IQGnOlwtLY
uber	624451445434253312	Thu Jul 23 22:30:00 PDT 2015	We're on the move and are now delivering #UberIceCream in India! http://t.co/zIsY9Cbh62 http://t.co/VPvuEVvZWI
uber	624444648736575488	Thu Jul 23 22:03:00 PDT 2015	RT @Uber_SING: #UberIceCream now delivering by drone. How are you getting yours? @itchimiasia http://t.co/S1qT8CFdrE
uber	624413946959818752	Thu Jul 23 20:01:00 PDT 2015	Get ready for a sweet treat, Shanghai! Your #UberIceCream is arriving now. http://t.co/zIsY9Cbh62 http://t.co/JhpbNK1MWQ
uber	624389007007477760	Thu Jul 23 18:21:54 PDT 2015	RT @Uber_Melbourne: #UberIceCream is about to kick off Down Under! Follow along for the coolest updates here: http://t.co/SOpEQooehn http:/…
uber	624383503145283584	Thu Jul 23 18:00:02 PDT 2015	Now delivering #UberIceCream Down Under! http://t.co/zIsY9Cbh62 http://t.co/FqeNsV19Zd
uber	624360895603474432	Thu Jul 23 16:30:12 PDT 2015	RT @Uber_QLD: #UberIceCream How will yours arrive? http://t.co/Qj6DvDSwrc
uber	624353928809984000	Thu Jul 23 16:02:31 PDT 2015	#UberIceCream is kicking off now in New Zealand! Follow the coolest updates: http://t.co/zIsY9Cbh62 http://t.co/Vf47Q8E84Q
uber	624334423811620864	Thu Jul 23 14:45:00 PDT 2015	Want the latest scoop on #UberIceCream? Follow along here for some sweet updates: http://t.co/zIsY9Cbh62 http://t.co/UZRnE0bFaZ
uber	624289374797201408	Thu Jul 23 11:46:00 PDT 2015	What makes #UberIceCream even sweeter in the US? Eligible @CapitalOne cardholders get their ice cream for free! http://t.co/1tvWUbU7a1
uber	624257418474749952	Thu Jul 23 09:39:01 PDT 2015	Just chilling until #UberIceCream. http://t.co/1tvWUbU7a1 http://t.co/19vDmf6D72
uber	624020205811957760	Wed Jul 22 17:56:25 PDT 2015	What's the cherry on top of #UberIceCream? Eligible US @CapitalOne cardholders can request for free! Full scoop here: http://t.co/1tvWUbU7a1
uber	623967216237703168	Wed Jul 22 14:25:51 PDT 2015	RT @Uber_NYC: Our agreement with @nycgov: http://t.co/hzorEECHTW
uber	623930378529574912	Wed Jul 22 11:59:28 PDT 2015	LIVE on #Periscope: How to make Nitrogen #UberIceCream https://t.co/VDBRsJde4k
uber	623897400617385984	Wed Jul 22 09:48:26 PDT 2015	Save the date. #UberIceCream is back and cooler than ever. http://t.co/1tvWUbU7a1 http://t.co/kOiIQryEyi
uber	623574034199003136	Tue Jul 21 12:23:29 PDT 2015	Add us on @Snapchat for sweet surprises all week!

Username: uber http://t.co/VjycpAYWxB
uber	623487820875706368	Tue Jul 21 06:40:54 PDT 2015	Ready to feel like a kid again? #UberIceCream is back and sweeter than ever! Full scoop here: http://t.co/1tvWUbCvLr
https://t.co/bCGbU8rGdS
uber	623236678182961152	Mon Jul 20 14:02:57 PDT 2015	RT @Uber_SF: For the athletes who inspire us. http://t.co/1OrqlEmsVW http://t.co/fDp7MprzLt
uber	622155567226834944	Fri Jul 17 14:27:00 PDT 2015	.@Wunderman becomes the 1st global ad agency riding with Uber for Business. http://t.co/bvP1AmqvAM http://t.co/PEHuE8qXcQ
uber	622145499416690688	Fri Jul 17 13:47:00 PDT 2015	RT @Wunderman: Our team has a new ride with #UberForBusiness. #NY will be the first office to start using the service! @Uber - http://t.co/…
uber	622097560426123266	Fri Jul 17 10:36:31 PDT 2015	Be one of the first to score the new @ChelseaFC Blues—learn how to request in these 8 cities: http://t.co/momUemexvK http://t.co/mDgzeABCH1
uber	621767346177191936	Thu Jul 16 12:44:21 PDT 2015	RT @Uber_NYC: This is what Uber will look like in NYC if Mayor @DeBlasioNYC's Uber cap bill passes. Say NO: http://t.co/SJYRPG9qL4 http://t…
uber	621745868127997952	Thu Jul 16 11:19:01 PDT 2015	Don't miss your shot at scoring an exclusive @ChelseaFC kit in these 8 cities tomorrow: http://t.co/momUemexvK http://t.co/prdoziyJcf
uber	621493703044149249	Wed Jul 15 18:37:00 PDT 2015	Decree by @GobiernoDF echoes Mexican experts: ride-sharing shouldn't have entry barriers, limit supply or cap prices. http://t.co/qVD3RDNkQg
uber	621466777650864128	Wed Jul 15 16:50:00 PDT 2015	Congratulations @Uber_DF! @ManceraMiguelMX 1st mayor in LatAm to approve ridesharing regs http://t.co/qVD3RDNkQg http://t.co/N90ClSznXq
uber	621462857960554497	Wed Jul 15 16:34:26 PDT 2015	RT @Uber_DF: ¡Gracias a ti!, por habernos hecho parte de tu vida cotidiana. Esa es la razón por la que podemos decir #UberSeQueda http://t.…
uber	621391131159461888	Wed Jul 15 11:49:25 PDT 2015	RT @TaskandPurpose: Are rideshare platforms like Uber the answer to limiting DUIs in the military? By @ChrisMorales07 |  http://t.co/JlNJpr…
uber	621134194891182080	Tue Jul 14 18:48:26 PDT 2015	Meet LadyEng, an amazing group of Uber engineers who are empowering young women in tech: http://t.co/BlYXm4H5HL http://t.co/346ot1nhyl
uber	621108167175458816	Tue Jul 14 17:05:01 PDT 2015	"Early on, we had a glitch causing all rides to be charged in pesos." -@AustinGeidt on growing pains at #FortuneTech http://t.co/g2rKXDI7Hq
uber	621023474685988864	Tue Jul 14 11:28:29 PDT 2015	Congrats to our @DesigningUber team for being nominated Site of the Month on @Awwwards. Vote: http://t.co/FyICPsBZ1i http://t.co/dflEvoZxS7
uber	620991475887788032	Tue Jul 14 09:21:19 PDT 2015	On June 28th, we celebrated love. 💕
https://t.co/jlcwmfTC30
uber	620703248190730240	Mon Jul 13 14:16:01 PDT 2015	Excited to pilot in-person senior outreach programs with free technology tutorials + discounted rides. #WHCOA http://t.co/qih4vOzUOk
uber	620627749695262720	Mon Jul 13 09:16:00 PDT 2015	"We need to ensure every older American has the resources and support they need to thrive." -@POTUS

Stay tuned for our #WHCOA announcement.
uber	620595831058489344	Mon Jul 13 07:09:10 PDT 2015	We're proud to participate in the #WHCOA to share our senior community outreach program. http://t.co/jnGrFc6j7t
https://t.co/bYAaTpia2X
uber	619633672271056896	Fri Jul 10 15:25:54 PDT 2015	We're delivering tasty #UberEATS dishes in select cities around the world. Feast your eyes: http://t.co/VbrMrGZ0rq http://t.co/GV8aDwfCAU
uber	619301763271761920	Thu Jul 09 17:27:01 PDT 2015	Christy is a visually impaired, on-the-go mom who doesn't let anything stop her. http://t.co/xXR8NIfXAG http://t.co/3mluq5S45C
uber	619252381566439425	Thu Jul 09 14:10:47 PDT 2015	.@Moleskine users take note + get to your next event with ease. http://t.co/vbJksOy7ya
https://t.co/fL6KKzyjzS
uber	619243943637585920	Thu Jul 09 13:37:15 PDT 2015	RT @Uber_SD: We're taking on the Con with @USANetwork! COLONY vehicles are live in the app in SD. Details: http://t.co/ivSSAwdGzt http://t.…
uber	619208299754471424	Thu Jul 09 11:15:37 PDT 2015	Tap. Eat. Repeat. http://t.co/VbrMrGZ0rq http://t.co/0QAbaFe3F7
uber	618896468993253376	Wed Jul 08 14:36:31 PDT 2015	How do we improve mobility for both riders and drivers? Check out Emrah's story to find out. http://t.co/xXR8NIfXAG http://t.co/IODz4k6Rwj
uber	618498027095986176	Tue Jul 07 12:13:15 PDT 2015	From baggage claim to board room, @Chase has employee rides covered with Uber for Business. http://t.co/kWhPZtyBwt
uber	617399128075603968	Sat Jul 04 11:26:37 PDT 2015	Forget the keys, focus on the fireworks. Have a safe and happy #4thofJuly! http://t.co/DrbsDN68Xv
uber	616637490657673216	Thu Jul 02 09:00:09 PDT 2015	“Driving with Uber makes me proud that I can get people home safe." http://t.co/7mNPbBTZoW http://t.co/EpB7PugKiF
uber	616246381670461440	Wed Jul 01 07:06:01 PDT 2015	Forget the keys, focus on the fireworks this #4thofJuly. Take the pledge to get home safely. http://t.co/Ow32nis3tQ http://t.co/Ran6SaWQPc
uber	615920068761792512	Tue Jun 30 09:29:22 PDT 2015	RT @Uber_NYC: Tell Mayor @BilldeBlasio and @NYCCouncil to stand up for New York City jobs. RT to spread the word! http://t.co/lSnjJYW5y5
uber	615307832712245248	Sun Jun 28 16:56:33 PDT 2015	RT @Uber_NYC: Let's do this, #NYCPride2015! #RideWithPride http://t.co/IVmM6zHWIL
uber	615232968613695488	Sun Jun 28 11:59:04 PDT 2015	Want to follow along as we #RideWithPride? Add us on Snapchat! Username: Uber http://t.co/rwMjizbK4W
uber	615230959940538368	Sun Jun 28 11:51:05 PDT 2015	RT @Uber_NYC: We're thrilled to #RideWithPride through today's #NYCPride2015 parade. Catch us along the route for tanks + tattoos. http://t…
uber	615179661945864192	Sun Jun 28 08:27:15 PDT 2015	It gets better because #LoveWins
https://t.co/wDiEo3ZVxS
uber	614566561635004416	Fri Jun 26 15:51:01 PDT 2015	Happy 70th anniversary to the @UN! Proud to support their work helping entrepreneurs create 600M jobs by 2025. #UN70 http://t.co/J7Lkj2C9L8
uber	614443798265921537	Fri Jun 26 07:43:11 PDT 2015	It is so ordered. #LoveWins http://t.co/KV6mTddEkS
uber	614238457817202688	Thu Jun 25 18:07:14 PDT 2015	RT @Uber_SF: Tell the world how @ItGetsBetter. Print out a card and share your story: http://t.co/w1Vp4oLArT #RidewithPride http://t.co/j9H…
uber	614204200772177920	Thu Jun 25 15:51:07 PDT 2015	RT @Uber_SF: This weekend we're partnering with @ItGetsBetter! Go to http://t.co/w1Vp4oLArT and share your story. #RideWithPride. http://t.…
uber	614199475054088192	Thu Jun 25 15:32:20 PDT 2015	RT @PayPal: From San Francisco to Sweden, you can now #paypalit for @Uber in more places than ever: http://t.co/S5oQtPOmDU. http://t.co/Ioa…
uber	614110426733805568	Thu Jun 25 09:38:30 PDT 2015	RT @Uber_Canada: Congrats to @rethinkcanada for winning a bronze Cyber Lion at @Cannes_Lions. Proud to keep the streets #UberSAFE http://t.…
uber	613845612866334720	Wed Jun 24 16:06:13 PDT 2015	Dreaming big—a new kind of mobility.
https://t.co/QhTSgFCT8k
uber	613815464217608192	Wed Jun 24 14:06:25 PDT 2015	RT @RED: Need lunch plans? Every #UberEATS order in NY, LA & CHI helps #86AIDS this week: http://t.co/jTKQekyGnN @Uber http://t.co/PvcGCypZ…
uber	613768559420960768	Wed Jun 24 11:00:02 PDT 2015	Gabriel, an Austin partner, doesn't let anything get in the way of his dreams. http://t.co/htr8XvjQBw http://t.co/l0r3FbVuIo
uber	613696831646760960	Wed Jun 24 06:15:01 PDT 2015	See how partners like Bob, Luigi, and Gabriel are redefining mobility for themselves and for their communities. http://t.co/htr8XvjQBw
uber	613511110306598912	Tue Jun 23 17:57:01 PDT 2015	Last weekend, we were honored to host @StudentVets in a 2 day leadership summit. http://t.co/RGgf4Qt4K7 #UberMILITARY http://t.co/v4mUWFWCAD
uber	613386017521795072	Tue Jun 23 09:39:57 PDT 2015	Ride with PRIDE.
uber	613031797606195200	Mon Jun 22 10:12:24 PDT 2015	EAT @RED, SAVE LIVES. Order UberEATS in NY, LA or CHI and together we can #86AIDS. http://t.co/qjkSV8TfdW http://t.co/XZGug8Irt2
uber	612115359638777856	Fri Jun 19 21:30:48 PDT 2015	Saving the best pickup for last.
https://t.co/iE0LcyEZsm
uber	611577297775112192	Thu Jun